index,GEO_ID
0,1001
1,1003
2,1005
3,1007
4,1009
5,1013
6,1015
7,1017
8,1019
9,1021
10,1023
11,1025
12,1027
13,1029
14,1031
15,1033
16,1035
17,1039
18,1041
19,1043
20,1045
21,1047
22,1049
23,1051
24,1053
25,1055
26,1057
27,1059
28,1061
29,1065
30,1067
31,1069
32,1071
33,1073
34,1075
35,1077
36,1079
37,1081
38,1083
39,1087
40,1089
41,1091
42,1093
43,1095
44,1097
45,1099
46,1101
47,1103
48,1107
49,1109
50,1111
51,1113
52,1115
53,1117
54,1119
55,1121
56,1123
57,1125
58,1127
59,1129
60,1133
61,4001
62,4003
63,4005
64,4007
65,4009
66,4012
67,4013
68,4015
69,4017
70,4019
71,4021
72,4023
73,4025
74,4027
75,5001
76,5003
77,5005
78,5007
79,5009
80,5015
81,5019
82,5021
83,5023
84,5027
85,5029
86,5031
87,5033
88,5035
89,5037
90,5041
91,5043
92,5045
93,5047
94,5049
95,5051
96,5053
97,5055
98,5057
99,5059
100,5061
101,5063
102,5065
103,5067
104,5069
105,5071
106,5075
107,5079
108,5081
109,5083
110,5085
111,5087
112,5089
113,5091
114,5093
115,5103
116,5107
117,5111
118,5113
119,5115
120,5119
121,5121
122,5123
123,5125
124,5131
125,5133
126,5135
127,5137
128,5139
129,5141
130,5143
131,5145
132,5149
133,6001
134,6005
135,6007
136,6009
137,6011
138,6013
139,6015
140,6017
141,6019
142,6021
143,6023
144,6025
145,6027
146,6029
147,6031
148,6033
149,6035
150,6037
151,6039
152,6041
153,6043
154,6045
155,6047
156,6051
157,6053
158,6055
159,6057
160,6059
161,6061
162,6063
163,6065
164,6067
165,6069
166,6071
167,6073
168,6075
169,6077
170,6079
171,6081
172,6083
173,6085
174,6087
175,6089
176,6093
177,6095
178,6097
179,6099
180,6101
181,6103
182,6105
183,6107
184,6109
185,6111
186,6113
187,6115
188,8001
189,8003
190,8005
191,8007
192,8013
193,8014
194,8015
195,8029
196,8031
197,8035
198,8037
199,8039
200,8041
201,8043
202,8045
203,8049
204,8051
205,8059
206,8067
207,8069
208,8071
209,8075
210,8077
211,8081
212,8083
213,8085
214,8087
215,8089
216,8093
217,8097
218,8099
219,8101
220,8105
221,8107
222,8117
223,8119
224,8123
225,9001
226,9003
227,9005
228,9007
229,9009
230,9011
231,9013
232,9015
233,10001
234,10003
235,10005
236,11001
237,12001
238,12003
239,12005
240,12007
241,12009
242,12011
243,12013
244,12015
245,12017
246,12019
247,12021
248,12023
249,12027
250,12029
251,12031
252,12033
253,12035
254,12037
255,12039
256,12041
257,12043
258,12045
259,12047
260,12049
261,12051
262,12053
263,12055
264,12057
265,12059
266,12061
267,12063
268,12065
269,12069
270,12071
271,12073
272,12075
273,12079
274,12081
275,12083
276,12085
277,12086
278,12087
279,12089
280,12091
281,12093
282,12095
283,12097
284,12099
285,12101
286,12103
287,12105
288,12107
289,12109
290,12111
291,12113
292,12115
293,12117
294,12119
295,12121
296,12123
297,12125
298,12127
299,12129
300,12131
301,12133
302,13001
303,13005
304,13009
305,13011
306,13013
307,13015
308,13017
309,13019
310,13021
311,13023
312,13025
313,13027
314,13029
315,13031
316,13033
317,13035
318,13039
319,13043
320,13045
321,13047
322,13049
323,13051
324,13055
325,13057
326,13059
327,13063
328,13067
329,13069
330,13071
331,13073
332,13075
333,13077
334,13079
335,13081
336,13083
337,13085
338,13087
339,13089
340,13091
341,13093
342,13095
343,13097
344,13103
345,13105
346,13107
347,13111
348,13113
349,13115
350,13117
351,13119
352,13121
353,13123
354,13127
355,13129
356,13131
357,13133
358,13135
359,13137
360,13139
361,13143
362,13145
363,13147
364,13149
365,13151
366,13153
367,13157
368,13159
369,13161
370,13163
371,13169
372,13171
373,13175
374,13177
375,13179
376,13183
377,13185
378,13187
379,13189
380,13193
381,13195
382,13199
383,13205
384,13207
385,13211
386,13213
387,13215
388,13217
389,13219
390,13221
391,13223
392,13225
393,13227
394,13229
395,13231
396,13233
397,13237
398,13241
399,13245
400,13247
401,13251
402,13255
403,13257
404,13261
405,13267
406,13271
407,13275
408,13277
409,13279
410,13281
411,13285
412,13291
413,13293
414,13295
415,13297
416,13299
417,13303
418,13305
419,13311
420,13313
421,13321
422,16001
423,16005
424,16011
425,16013
426,16017
427,16019
428,16021
429,16027
430,16031
431,16039
432,16041
433,16043
434,16045
435,16047
436,16049
437,16051
438,16053
439,16055
440,16057
441,16065
442,16067
443,16069
444,16073
445,16075
446,16079
447,16081
448,16083
449,16085
450,17001
451,17005
452,17007
453,17011
454,17015
455,17017
456,17019
457,17021
458,17023
459,17025
460,17027
461,17029
462,17031
463,17033
464,17037
465,17039
466,17041
467,17043
468,17045
469,17049
470,17051
471,17053
472,17055
473,17057
474,17061
475,17063
476,17067
477,17073
478,17075
479,17077
480,17081
481,17083
482,17085
483,17087
484,17089
485,17091
486,17093
487,17095
488,17097
489,17099
490,17101
491,17103
492,17105
493,17107
494,17109
495,17111
496,17113
497,17115
498,17117
499,17119
500,17121
501,17123
502,17125
503,17127
504,17129
505,17131
506,17133
507,17135
508,17137
509,17139
510,17141
511,17143
512,17145
513,17147
514,17149
515,17157
516,17159
517,17161
518,17163
519,17165
520,17167
521,17173
522,17177
523,17179
524,17181
525,17183
526,17185
527,17187
528,17189
529,17191
530,17193
531,17195
532,17197
533,17199
534,17201
535,17203
536,18001
537,18003
538,18005
539,18009
540,18011
541,18013
542,18015
543,18017
544,18019
545,18021
546,18023
547,18027
548,18029
549,18031
550,18033
551,18035
552,18037
553,18039
554,18041
555,18043
556,18045
557,18047
558,18049
559,18051
560,18053
561,18055
562,18057
563,18059
564,18061
565,18063
566,18065
567,18067
568,18069
569,18071
570,18073
571,18075
572,18077
573,18079
574,18081
575,18083
576,18085
577,18087
578,18089
579,18091
580,18093
581,18095
582,18097
583,18099
584,18103
585,18105
586,18107
587,18109
588,18111
589,18113
590,18117
591,18119
592,18121
593,18123
594,18125
595,18127
596,18129
597,18131
598,18133
599,18135
600,18137
601,18139
602,18141
603,18143
604,18145
605,18147
606,18149
607,18151
608,18153
609,18157
610,18159
611,18163
612,18165
613,18167
614,18169
615,18173
616,18175
617,18177
618,18179
619,18181
620,18183
621,19005
622,19007
623,19011
624,19013
625,19015
626,19017
627,19019
628,19021
629,19023
630,19027
631,19029
632,19031
633,19033
634,19035
635,19037
636,19041
637,19043
638,19045
639,19047
640,19049
641,19055
642,19057
643,19059
644,19061
645,19065
646,19067
647,19075
648,19079
649,19083
650,19085
651,19087
652,19095
653,19097
654,19099
655,19101
656,19103
657,19105
658,19109
659,19111
660,19113
661,19119
662,19121
663,19123
664,19125
665,19127
666,19129
667,19139
668,19141
669,19145
670,19149
671,19153
672,19155
673,19157
674,19163
675,19165
676,19167
677,19169
678,19171
679,19175
680,19179
681,19181
682,19183
683,19187
684,19191
685,19193
686,19197
687,20001
688,20005
689,20009
690,20011
691,20015
692,20021
693,20035
694,20037
695,20041
696,20045
697,20051
698,20055
699,20057
700,20059
701,20061
702,20079
703,20085
704,20087
705,20091
706,20099
707,20103
708,20111
709,20113
710,20115
711,20121
712,20125
713,20133
714,20139
715,20149
716,20155
717,20161
718,20169
719,20173
720,20175
721,20177
722,20191
723,20209
724,21001
725,21003
726,21005
727,21009
728,21011
729,21013
730,21015
731,21017
732,21019
733,21021
734,21025
735,21027
736,21029
737,21031
738,21033
739,21035
740,21037
741,21043
742,21045
743,21047
744,21049
745,21051
746,21059
747,21061
748,21065
749,21067
750,21069
751,21071
752,21073
753,21079
754,21081
755,21083
756,21085
757,21087
758,21089
759,21093
760,21095
761,21097
762,21099
763,21101
764,21103
765,21107
766,21109
767,21111
768,21113
769,21115
770,21117
771,21119
772,21121
773,21123
774,21125
775,21127
776,21133
777,21135
778,21137
779,21141
780,21145
781,21147
782,21151
783,21153
784,21155
785,21157
786,21159
787,21161
788,21163
789,21167
790,21171
791,21173
792,21175
793,21177
794,21179
795,21183
796,21185
797,21187
798,21191
799,21193
800,21195
801,21197
802,21199
803,21203
804,21205
805,21207
806,21209
807,21211
808,21213
809,21215
810,21217
811,21219
812,21221
813,21225
814,21227
815,21229
816,21231
817,21233
818,21235
819,21239
820,22001
821,22003
822,22005
823,22007
824,22009
825,22011
826,22013
827,22015
828,22017
829,22019
830,22027
831,22029
832,22031
833,22033
834,22037
835,22039
836,22041
837,22043
838,22045
839,22047
840,22049
841,22051
842,22053
843,22055
844,22057
845,22059
846,22061
847,22063
848,22067
849,22069
850,22071
851,22073
852,22075
853,22077
854,22079
855,22083
856,22085
857,22087
858,22089
859,22093
860,22095
861,22097
862,22099
863,22101
864,22103
865,22105
866,22109
867,22111
868,22113
869,22115
870,22117
871,22119
872,22121
873,22125
874,22127
875,23001
876,23003
877,23005
878,23007
879,23009
880,23011
881,23013
882,23015
883,23017
884,23019
885,23021
886,23023
887,23025
888,23027
889,23029
890,23031
891,24001
892,24003
893,24005
894,24009
895,24011
896,24013
897,24015
898,24017
899,24019
900,24021
901,24023
902,24025
903,24027
904,24029
905,24031
906,24033
907,24035
908,24037
909,24039
910,24041
911,24043
912,24045
913,24047
914,24510
915,25001
916,25003
917,25005
918,25007
919,25009
920,25011
921,25013
922,25015
923,25017
924,25019
925,25021
926,25023
927,25025
928,25027
929,26005
930,26007
931,26009
932,26011
933,26015
934,26017
935,26019
936,26021
937,26023
938,26025
939,26027
940,26029
941,26031
942,26033
943,26035
944,26037
945,26039
946,26041
947,26043
948,26045
949,26047
950,26049
951,26051
952,26053
953,26055
954,26057
955,26059
956,26061
957,26063
958,26065
959,26067
960,26069
961,26071
962,26073
963,26075
964,26077
965,26079
966,26081
967,26085
968,26087
969,26089
970,26091
971,26093
972,26099
973,26101
974,26103
975,26105
976,26107
977,26109
978,26111
979,26113
980,26115
981,26117
982,26121
983,26123
984,26125
985,26127
986,26129
987,26133
988,26137
989,26139
990,26141
991,26143
992,26145
993,26147
994,26149
995,26151
996,26155
997,26157
998,26159
999,26161
1000,26163
1001,26165
1002,27001
1003,27003
1004,27005
1005,27007
1006,27009
1007,27013
1008,27015
1009,27017
1010,27019
1011,27021
1012,27023
1013,27025
1014,27027
1015,27033
1016,27035
1017,27037
1018,27039
1019,27041
1020,27043
1021,27045
1022,27047
1023,27049
1024,27053
1025,27055
1026,27057
1027,27059
1028,27061
1029,27065
1030,27067
1031,27071
1032,27079
1033,27083
1034,27085
1035,27091
1036,27093
1037,27095
1038,27097
1039,27099
1040,27103
1041,27105
1042,27109
1043,27111
1044,27113
1045,27115
1046,27119
1047,27121
1048,27123
1049,27127
1050,27129
1051,27131
1052,27135
1053,27137
1054,27139
1055,27141
1056,27143
1057,27145
1058,27147
1059,27153
1060,27157
1061,27159
1062,27161
1063,27163
1064,27165
1065,27169
1066,27171
1067,28001
1068,28003
1069,28005
1070,28007
1071,28011
1072,28013
1073,28017
1074,28023
1075,28025
1076,28027
1077,28029
1078,28031
1079,28033
1080,28035
1081,28039
1082,28041
1083,28043
1084,28045
1085,28047
1086,28049
1087,28051
1088,28057
1089,28059
1090,28061
1091,28065
1092,28067
1093,28071
1094,28073
1095,28075
1096,28077
1097,28079
1098,28081
1099,28083
1100,28085
1101,28087
1102,28089
1103,28091
1104,28093
1105,28095
1106,28099
1107,28101
1108,28105
1109,28107
1110,28109
1111,28111
1112,28113
1113,28115
1114,28117
1115,28121
1116,28123
1117,28127
1118,28129
1119,28131
1120,28133
1121,28135
1122,28137
1123,28139
1124,28141
1125,28145
1126,28147
1127,28149
1128,28151
1129,28153
1130,28159
1131,28161
1132,28163
1133,29001
1134,29003
1135,29007
1136,29009
1137,29011
1138,29013
1139,29015
1140,29019
1141,29021
1142,29023
1143,29027
1144,29029
1145,29031
1146,29037
1147,29039
1148,29043
1149,29047
1150,29049
1151,29051
1152,29053
1153,29055
1154,29059
1155,29063
1156,29065
1157,29067
1158,29069
1159,29071
1160,29073
1161,29077
1162,29083
1163,29091
1164,29095
1165,29097
1166,29099
1167,29101
1168,29105
1169,29107
1170,29109
1171,29113
1172,29115
1173,29117
1174,29119
1175,29121
1176,29123
1177,29127
1178,29131
1179,29133
1180,29135
1181,29139
1182,29141
1183,29143
1184,29145
1185,29147
1186,29151
1187,29155
1188,29157
1189,29159
1190,29161
1191,29163
1192,29165
1193,29167
1194,29169
1195,29175
1196,29177
1197,29183
1198,29186
1199,29187
1200,29189
1201,29195
1202,29201
1203,29207
1204,29209
1205,29213
1206,29215
1207,29217
1208,29219
1209,29221
1210,29225
1211,29229
1212,29510
1213,30003
1214,30013
1215,30017
1216,30027
1217,30029
1218,30031
1219,30035
1220,30041
1221,30043
1222,30047
1223,30049
1224,30053
1225,30063
1226,30067
1227,30081
1228,30083
1229,30089
1230,30093
1231,30111
1232,31001
1233,31019
1234,31025
1235,31043
1236,31047
1237,31053
1238,31055
1239,31067
1240,31079
1241,31109
1242,31111
1243,31119
1244,31131
1245,31141
1246,31151
1247,31153
1248,31155
1249,31157
1250,31159
1251,31177
1252,31185
1253,32001
1254,32003
1255,32005
1256,32007
1257,32013
1258,32019
1259,32023
1260,32031
1261,32510
1262,33001
1263,33003
1264,33005
1265,33007
1266,33009
1267,33011
1268,33013
1269,33015
1270,33017
1271,33019
1272,34001
1273,34003
1274,34005
1275,34007
1276,34009
1277,34011
1278,34013
1279,34015
1280,34017
1281,34019
1282,34021
1283,34023
1284,34025
1285,34027
1286,34029
1287,34031
1288,34033
1289,34035
1290,34037
1291,34039
1292,34041
1293,35001
1294,35005
1295,35006
1296,35007
1297,35009
1298,35013
1299,35015
1300,35017
1301,35025
1302,35027
1303,35028
1304,35029
1305,35031
1306,35035
1307,35039
1308,35041
1309,35043
1310,35045
1311,35047
1312,35049
1313,35051
1314,35053
1315,35055
1316,35057
1317,35061
1318,36001
1319,36003
1320,36005
1321,36007
1322,36009
1323,36011
1324,36013
1325,36015
1326,36017
1327,36019
1328,36021
1329,36023
1330,36025
1331,36027
1332,36029
1333,36031
1334,36033
1335,36035
1336,36037
1337,36039
1338,36043
1339,36045
1340,36047
1341,36049
1342,36051
1343,36053
1344,36055
1345,36057
1346,36059
1347,36061
1348,36063
1349,36065
1350,36067
1351,36069
1352,36071
1353,36073
1354,36075
1355,36077
1356,36079
1357,36081
1358,36083
1359,36085
1360,36087
1361,36089
1362,36091
1363,36093
1364,36095
1365,36097
1366,36099
1367,36101
1368,36103
1369,36105
1370,36107
1371,36109
1372,36111
1373,36113
1374,36115
1375,36117
1376,36119
1377,36121
1378,36123
1379,37001
1380,37003
1381,37007
1382,37009
1383,37011
1384,37013
1385,37015
1386,37017
1387,37019
1388,37021
1389,37023
1390,37025
1391,37027
1392,37031
1393,37033
1394,37035
1395,37037
1396,37039
1397,37041
1398,37043
1399,37045
1400,37047
1401,37049
1402,37051
1403,37053
1404,37055
1405,37057
1406,37059
1407,37061
1408,37063
1409,37065
1410,37067
1411,37069
1412,37071
1413,37077
1414,37079
1415,37081
1416,37083
1417,37085
1418,37087
1419,37089
1420,37091
1421,37093
1422,37097
1423,37099
1424,37101
1425,37105
1426,37107
1427,37109
1428,37111
1429,37113
1430,37115
1431,37117
1432,37119
1433,37121
1434,37123
1435,37125
1436,37127
1437,37129
1438,37131
1439,37133
1440,37135
1441,37137
1442,37139
1443,37141
1444,37143
1445,37145
1446,37147
1447,37149
1448,37151
1449,37153
1450,37155
1451,37157
1452,37159
1453,37161
1454,37163
1455,37165
1456,37167
1457,37169
1458,37171
1459,37173
1460,37175
1461,37179
1462,37181
1463,37183
1464,37185
1465,37189
1466,37191
1467,37193
1468,37195
1469,37197
1470,37199
1471,38015
1472,38017
1473,38035
1474,38053
1475,38059
1476,38071
1477,38077
1478,38079
1479,38089
1480,38093
1481,38101
1482,38105
1483,39001
1484,39003
1485,39005
1486,39007
1487,39009
1488,39011
1489,39013
1490,39015
1491,39017
1492,39019
1493,39021
1494,39023
1495,39025
1496,39027
1497,39029
1498,39031
1499,39033
1500,39035
1501,39037
1502,39039
1503,39041
1504,39043
1505,39045
1506,39047
1507,39049
1508,39051
1509,39053
1510,39055
1511,39057
1512,39059
1513,39061
1514,39063
1515,39065
1516,39067
1517,39069
1518,39071
1519,39073
1520,39075
1521,39077
1522,39079
1523,39081
1524,39083
1525,39085
1526,39087
1527,39089
1528,39091
1529,39093
1530,39095
1531,39097
1532,39099
1533,39101
1534,39103
1535,39105
1536,39107
1537,39109
1538,39111
1539,39113
1540,39115
1541,39117
1542,39119
1543,39121
1544,39123
1545,39125
1546,39127
1547,39129
1548,39131
1549,39133
1550,39135
1551,39137
1552,39139
1553,39141
1554,39143
1555,39145
1556,39147
1557,39149
1558,39151
1559,39153
1560,39155
1561,39157
1562,39159
1563,39161
1564,39163
1565,39165
1566,39167
1567,39169
1568,39171
1569,39173
1570,39175
1571,40001
1572,40005
1573,40009
1574,40013
1575,40015
1576,40017
1577,40019
1578,40021
1579,40023
1580,40027
1581,40031
1582,40035
1583,40037
1584,40039
1585,40041
1586,40047
1587,40049
1588,40051
1589,40061
1590,40063
1591,40065
1592,40071
1593,40073
1594,40079
1595,40081
1596,40083
1597,40087
1598,40089
1599,40091
1600,40095
1601,40097
1602,40099
1603,40101
1604,40107
1605,40109
1606,40111
1607,40113
1608,40115
1609,40117
1610,40119
1611,40121
1612,40123
1613,40125
1614,40131
1615,40133
1616,40135
1617,40137
1618,40139
1619,40143
1620,40145
1621,40147
1622,40153
1623,41001
1624,41003
1625,41005
1626,41007
1627,41009
1628,41011
1629,41013
1630,41015
1631,41017
1632,41019
1633,41027
1634,41029
1635,41031
1636,41033
1637,41035
1638,41039
1639,41041
1640,41043
1641,41045
1642,41047
1643,41049
1644,41051
1645,41053
1646,41057
1647,41059
1648,41061
1649,41065
1650,41067
1651,41071
1652,42001
1653,42003
1654,42005
1655,42007
1656,42009
1657,42011
1658,42013
1659,42015
1660,42017
1661,42019
1662,42021
1663,42025
1664,42027
1665,42029
1666,42031
1667,42033
1668,42035
1669,42037
1670,42039
1671,42041
1672,42043
1673,42045
1674,42047
1675,42049
1676,42051
1677,42055
1678,42057
1679,42059
1680,42061
1681,42063
1682,42065
1683,42067
1684,42069
1685,42071
1686,42073
1687,42075
1688,42077
1689,42079
1690,42081
1691,42083
1692,42085
1693,42087
1694,42089
1695,42091
1696,42093
1697,42095
1698,42097
1699,42099
1700,42101
1701,42103
1702,42105
1703,42107
1704,42109
1705,42111
1706,42115
1707,42117
1708,42119
1709,42121
1710,42123
1711,42125
1712,42127
1713,42129
1714,42131
1715,42133
1716,44001
1717,44003
1718,44005
1719,44007
1720,44009
1721,45001
1722,45003
1723,45007
1724,45009
1725,45011
1726,45013
1727,45015
1728,45017
1729,45019
1730,45021
1731,45023
1732,45025
1733,45027
1734,45029
1735,45031
1736,45033
1737,45035
1738,45037
1739,45039
1740,45041
1741,45043
1742,45045
1743,45047
1744,45049
1745,45051
1746,45053
1747,45055
1748,45057
1749,45059
1750,45061
1751,45063
1752,45067
1753,45069
1754,45071
1755,45073
1756,45075
1757,45077
1758,45079
1759,45081
1760,45083
1761,45085
1762,45087
1763,45089
1764,45091
1765,46005
1766,46011
1767,46013
1768,46027
1769,46029
1770,46035
1771,46065
1772,46079
1773,46081
1774,46083
1775,46093
1776,46099
1777,46103
1778,46127
1779,46135
1780,47001
1781,47003
1782,47005
1783,47007
1784,47009
1785,47011
1786,47013
1787,47015
1788,47017
1789,47019
1790,47021
1791,47023
1792,47025
1793,47029
1794,47031
1795,47033
1796,47035
1797,47037
1798,47039
1799,47041
1800,47043
1801,47045
1802,47047
1803,47049
1804,47051
1805,47053
1806,47055
1807,47057
1808,47059
1809,47061
1810,47063
1811,47065
1812,47069
1813,47071
1814,47073
1815,47075
1816,47077
1817,47079
1818,47081
1819,47085
1820,47087
1821,47089
1822,47091
1823,47093
1824,47097
1825,47099
1826,47101
1827,47103
1828,47105
1829,47107
1830,47109
1831,47111
1832,47113
1833,47115
1834,47117
1835,47119
1836,47121
1837,47123
1838,47125
1839,47129
1840,47131
1841,47133
1842,47139
1843,47141
1844,47143
1845,47145
1846,47147
1847,47149
1848,47151
1849,47153
1850,47155
1851,47157
1852,47159
1853,47161
1854,47163
1855,47165
1856,47167
1857,47169
1858,47171
1859,47173
1860,47177
1861,47179
1862,47181
1863,47183
1864,47185
1865,47187
1866,47189
1867,48001
1868,48003
1869,48005
1870,48007
1871,48013
1872,48015
1873,48019
1874,48021
1875,48025
1876,48027
1877,48029
1878,48031
1879,48035
1880,48037
1881,48039
1882,48041
1883,48049
1884,48051
1885,48053
1886,48055
1887,48057
1888,48059
1889,48061
1890,48063
1891,48067
1892,48071
1893,48073
1894,48085
1895,48089
1896,48091
1897,48093
1898,48097
1899,48099
1900,48113
1901,48115
1902,48117
1903,48121
1904,48123
1905,48133
1906,48135
1907,48139
1908,48141
1909,48143
1910,48145
1911,48147
1912,48149
1913,48157
1914,48161
1915,48163
1916,48165
1917,48167
1918,48171
1919,48177
1920,48179
1921,48181
1922,48183
1923,48185
1924,48187
1925,48189
1926,48199
1927,48201
1928,48203
1929,48209
1930,48213
1931,48215
1932,48217
1933,48219
1934,48221
1935,48223
1936,48225
1937,48227
1938,48231
1939,48233
1940,48239
1941,48241
1942,48245
1943,48249
1944,48251
1945,48253
1946,48255
1947,48257
1948,48259
1949,48265
1950,48273
1951,48277
1952,48279
1953,48281
1954,48285
1955,48287
1956,48289
1957,48291
1958,48293
1959,48297
1960,48299
1961,48303
1962,48309
1963,48313
1964,48321
1965,48323
1966,48325
1967,48329
1968,48331
1969,48337
1970,48339
1971,48341
1972,48343
1973,48347
1974,48349
1975,48351
1976,48353
1977,48355
1978,48361
1979,48363
1980,48365
1981,48367
1982,48371
1983,48373
1984,48375
1985,48379
1986,48381
1987,48387
1988,48389
1989,48395
1990,48397
1991,48401
1992,48407
1993,48409
1994,48415
1995,48419
1996,48423
1997,48427
1998,48439
1999,48441
2000,48445
2001,48449
2002,48451
2003,48453
2004,48455
2005,48457
2006,48459
2007,48463
2008,48465
2009,48467
2010,48469
2011,48471
2012,48473
2013,48475
2014,48477
2015,48479
2016,48481
2017,48485
2018,48487
2019,48489
2020,48491
2021,48493
2022,48497
2023,48499
2024,48503
2025,48505
2026,49003
2027,49005
2028,49007
2029,49011
2030,49013
2031,49021
2032,49023
2033,49027
2034,49029
2035,49035
2036,49037
2037,49039
2038,49041
2039,49043
2040,49045
2041,49047
2042,49049
2043,49051
2044,49053
2045,49057
2046,50001
2047,50003
2048,50005
2049,50007
2050,50011
2051,50015
2052,50017
2053,50019
2054,50021
2055,50023
2056,50025
2057,50027
2058,51001
2059,51003
2060,51005
2061,51007
2062,51009
2063,51011
2064,51013
2065,51015
2066,51019
2067,51023
2068,51025
2069,51027
2070,51029
2071,51031
2072,51033
2073,51035
2074,51037
2075,51041
2076,51043
2077,51047
2078,51051
2079,51053
2080,51059
2081,51061
2082,51063
2083,51065
2084,51067
2085,51069
2086,51071
2087,51073
2088,51075
2089,51077
2090,51079
2091,51081
2092,51083
2093,51085
2094,51087
2095,51089
2096,51093
2097,51095
2098,51099
2099,51101
2100,51105
2101,51107
2102,51109
2103,51111
2104,51113
2105,51117
2106,51121
2107,51125
2108,51127
2109,51131
2110,51133
2111,51135
2112,51137
2113,51139
2114,51141
2115,51143
2116,51145
2117,51147
2118,51149
2119,51153
2120,51155
2121,51161
2122,51163
2123,51165
2124,51167
2125,51169
2126,51171
2127,51173
2128,51175
2129,51177
2130,51179
2131,51185
2132,51187
2133,51191
2134,51193
2135,51195
2136,51197
2137,51199
2138,51510
2139,51520
2140,51540
2141,51550
2142,51570
2143,51590
2144,51600
2145,51610
2146,51630
2147,51650
2148,51660
2149,51670
2150,51680
2151,51683
2152,51685
2153,51690
2154,51700
2155,51710
2156,51730
2157,51735
2158,51740
2159,51750
2160,51760
2161,51770
2162,51775
2163,51790
2164,51800
2165,51810
2166,51820
2167,51830
2168,51840
2169,53001
2170,53003
2171,53005
2172,53007
2173,53009
2174,53011
2175,53015
2176,53017
2177,53021
2178,53025
2179,53027
2180,53029
2181,53031
2182,53033
2183,53035
2184,53037
2185,53039
2186,53041
2187,53045
2188,53047
2189,53049
2190,53051
2191,53053
2192,53055
2193,53057
2194,53059
2195,53061
2196,53063
2197,53065
2198,53067
2199,53071
2200,53073
2201,53075
2202,53077
2203,54001
2204,54003
2205,54005
2206,54007
2207,54009
2208,54011
2209,54019
2210,54025
2211,54027
2212,54029
2213,54031
2214,54033
2215,54035
2216,54037
2217,54039
2218,54041
2219,54043
2220,54045
2221,54047
2222,54049
2223,54051
2224,54053
2225,54055
2226,54057
2227,54059
2228,54061
2229,54063
2230,54065
2231,54067
2232,54069
2233,54077
2234,54079
2235,54081
2236,54083
2237,54087
2238,54089
2239,54091
2240,54097
2241,54099
2242,54103
2243,54107
2244,54109
2245,55001
2246,55003
2247,55005
2248,55007
2249,55009
2250,55011
2251,55013
2252,55015
2253,55017
2254,55019
2255,55021
2256,55023
2257,55025
2258,55027
2259,55029
2260,55031
2261,55033
2262,55035
2263,55039
2264,55043
2265,55045
2266,55047
2267,55049
2268,55053
2269,55055
2270,55057
2271,55059
2272,55061
2273,55063
2274,55065
2275,55067
2276,55069
2277,55071
2278,55073
2279,55075
2280,55077
2281,55079
2282,55081
2283,55083
2284,55085
2285,55087
2286,55089
2287,55093
2288,55095
2289,55097
2290,55099
2291,55101
2292,55103
2293,55105
2294,55107
2295,55109
2296,55111
2297,55113
2298,55115
2299,55117
2300,55119
2301,55121
2302,55123
2303,55125
2304,55127
2305,55129
2306,55131
2307,55133
2308,55135
2309,55137
2310,55139
2311,55141
2312,56001
2313,56003
2314,56005
2315,56007
2316,56009
2317,56013
2318,56015
2319,56021
2320,56023
2321,56025
2322,56029
2323,56033
2324,56037
2325,56039
2326,56041
